StudyID,filename,citation,year,text_source,done
Agin-Liebes 2021,acsptsci.1c00018.pdf,"Agin-Liebes G, et al. Naturalistic Use of Mescaline Is Associated with Self-Reported Psychiatric Improvements and Enduring Positive Life Changes. ACS Pharmacology and Translational Science. 2021.",2021,born-digital,Y
Alper 1999,Treatment_of_acute_opioid_withdrawal_wit.pdf,"Alper KR, Lotsof HS, Frenken GMN, Luciano DJ, Bastiaans J. Treatment of Acute Opioid Withdrawal with Ibogaine. The American Journal on Addictions. 1999.",1999,born-digital,Y
Alper 2012,Fatalities_Temporally_Associated_with_th.pdf,"Alper KR, Stajic M, Gill JR. Fatalities Temporally Associated with the Ingestion of Ibogaine. Journal of Forensic Sciences. 2012.",2012,born-digital,Y
Andersen 2021,acps.13249.pdf,"Andersen KAA, Carhart-Harris R, Nutt DJ, Erritzoe D. Therapeutic effects of classic serotonergic psychedelics: A systematic review of modern-era clinical studies. Acta Psychiatrica Scandinavica. 2021.",2021,born-digital,Y
Anderson 2019,12954_2019_Article_308.pdf,"Anderson T, et al. Psychedelic microdosing benefits and challenges: an empirical codebook. Harm Reduction Journal. 2019.",2019,born-digital,Y
Armstrong 2024,Prospective associations of psychedelic treatment for co-occurring alcohol misuse and posttraumatic stress symptoms among United States Special Operat.pdf,"Armstrong SB, Xin Y, Sepeda ND, Polanco M, Averill LA, Davis AK. Prospective associations of psychedelic treatment for co-occurring alcohol misuse and posttraumatic stress symptoms among United States Special Operations Forces Veterans. Military Psychology. 2024.",2024,born-digital,Y
Barbosa 2018,fpsyt-09-00136.pdf,"Barbosa PCR, et al. Assessment of Alcohol and Tobacco Use Disorders Among Religious Users of Ayahuasca. Frontiers in Psychiatry. 2018.",2018,born-digital,Y
Barrett 1999,"Barrett, S. P., Archambault, J., Engelberg, M. J., & Pihl, R. O. (2000). Hallucinogenic drugs attenuate the subjective response to alcohol in hu.pdf","Barrett SP, Archambault J, Engelberg MJ, Pihl RO. Hallucinogenic Drugs Attenuate the Subjective Response to Alcohol in Humans. Human Psychopharmacology: Clinical and Experimental. 2000.",2000,born-digital,Y
Berlowitz 2019,"Berlowitz, I., Walt, H., Ghasarian, C., Mendive, F., & Martin-Soelch, C. (2019). Short-term treatment effects of a substance use disorder therap.pdf","Berlowitz I, Walt H, Ghasarian C, Mendive F, Martin-Soelch C. Short-Term Treatment Effects of a Substance Use Disorder Therapy Involving Traditional Amazonian Medicine. Journal of Psychoactive Drugs. 2019.",2019,born-digital,Y
Bogenschutz 2015,j.pnpbp.2015.03.002.pdf,"Bogenschutz MP, Johnson MW. Classic hallucinogens in the treatment of addictions. Progress in Neuro-Psychopharmacology and Biological Psychiatry. 2015.",2015,born-digital,Y
Breeksema 2020,40263_2020_Article_748.pdf,"Breeksema JJ, et al. Psychedelic Treatments for Psychiatric Disorders: A Systematic Review and Thematic Synthesis of Patient Experiences in Qualitative Studies. CNS Drugs. 2020.",2020,born-digital,Y
Brown 2018,Treatment_20of_20opioid_20use_20disorder_20with_20ibogaine_20_20detoxification_20and_20drug_20use_20outcomes.pdf,"Brown TK, Alper K. Treatment of opioid use disorder with ibogaine: detoxification and drug use outcomes. The American Journal of Drug and Alcohol Abuse. 2018.",2018,born-digital,Y
Brown 2019,Ibogaine-and-Subjective-Experience-Transformative-States-and-Psychopharmacotherapy-in-the-Treatment-of-Opioid-Use-Disorder.pdf,"Brown TK, Noller GE, Denenberg JO. Ibogaine and Subjective Experience: Transformative States and Psychopharmacotherapy in the Treatment of Opioid Use Disorder. Journal of Psychoactive Drugs. 2019.",2019,born-digital,Y
Cakic 2010,cakic.et.al.2010.dimethyltryptamine.dmt.subjective.effects.and.patterns.of.use.among.australian.recreational.users.pdf,"Cakic V, Potkonyak J, Marshall A. Dimethyltryptamine (DMT): Subjective effects and patterns of use among Australian recreational users. Drug and Alcohol Dependence. 2010.",2010,born-digital,Y
Chandler 1960,Lysergic acid diethylamide (LSD-25) as a facilitating agent in psychotherapy.pdf,"Chandler AL, Hartman MA. Lysergic Acid Diethylamide (LSD-25) as a Facilitating Agent in Psychotherapy. A.M.A. Archives of General Psychiatry. 1960.",1960,born-digital,Y
Chwelos 1959,1959_chwelos_1852_1.pdf,"Chwelos N, Blewett DB, Smith CM, Hoffer A. Use of d-Lysergic Acid Diethylamide in the Treatment of Alcoholism. Quarterly Journal of Studies on Alcohol. 1959.",1959,born-digital,Y
Davis 2017,Subjective effectiveness of ibogaine treatment for problematic opioid consumption.pdf,"Davis AK, Barsuglia JP, Windham-Herman AM, Lynch M, Polanco M. Subjective effectiveness of ibogaine treatment for problematic opioid consumption: Short- and long-term outcomes and current psychological functioning. Journal of Psychedelic Studies. 2017.",2017,born-digital,Y
Davis 2018,nihms-996106.pdf,"Davis AK, Renn E, Windham-Herman AM, Polanco M, Barsuglia JP. A Mixed Method Analysis of Persisting Effects Associated with Positive Outcomes Following Ibogaine Detoxification. Journal of Psychoactive Drugs. 2018.",2018,born-digital,Y
Doering-Silveira 2005,Ayahuasca_Adolescents_ritual_use.pdf,"Doering-Silveira E, et al. Report on Psychoactive Drug Use Among Adolescents Using Ayahuasca Within a Religious Context. Journal of Psychoactive Drugs. 2005.",2005,born-digital,Y
Fabregas 2010,114-2015-01-22-Assessment of addiction severity among ritual users of ayahuasca.pdf,"Fabregas JM, et al. Assessment of addiction severity among ritual users of ayahuasca. Drug and Alcohol Dependence. 2010.",2010,born-digital,Y
Faillace 1970,faillace et al_hallucinogenic drugs in the treatment of alcoholism.pdf,"Faillace LA, Vourlekis A, Szara S. Hallucinogenic Drugs in the Treatment of Alcoholism: A Two-year Follow-up. Journal/year uncertain. 1970.",1970,born-digital,Y
Garcia-Romeu 2019,PsychedelicAlcoholSurveyFinal2019.pdf,"Garcia-Romeu A, et al. Cessation and reduction in alcohol consumption and misuse after psychedelic use. Journal of Psychopharmacology. 2019.",2019,born-digital,Y
Greer 1986,SubjectiveReportsoftheEffectsofMDMAinaClinicalSetting.pdf,"Greer G, Tolbert R. Subjective Reports of the Effects of MDMA in a Clinical Setting. Journal of Psychoactive Drugs. 1986.",1986,born-digital,Y
Halpern 2005,Psychological_and_Cognitive_Effects_of_L.pdf,"Halpern JH, Sherwood AR, Hudson JI, Yurgelun-Todd D, Pope HG Jr. Psychological and Cognitive Effects of Long-Term Peyote Use Among Native Americans. Biological Psychiatry. 2005.",2005,born-digital,Y
Hogea 2025,medicina-61-00278.pdf,"Hogea L, et al. The Therapeutic Potential of Psychedelics in Treating Substance Use Disorders: A Review of Clinical Trials. Medicina. 2025.",2025,born-digital,Y
Johnson 2017,nihms-1009380.pdf,"Johnson MW, Garcia-Romeu A, Johnson PS, Griffiths RR. An online survey of tobacco smoking cessation associated with naturalistic psychedelic use. Journal of Psychopharmacology. 2017.",2017,born-digital,Y
Jones 2022,s41598-022-08085-4.pdf,"Jones G, Ricard JA, Lipson J, Nock MK. Associations between classic psychedelics and opioid use disorder in a nationally-representative U.S. adult sample. Scientific Reports. 2022.",2022,born-digital,Y
Jones 2022 b,s41598-022-14809-3.pdf,"Jones G, Lipson J, Nock MK. Associations between classic psychedelics and nicotine dependence in a nationally representative sample. Scientific Reports. 2022.",2022,born-digital,Y
Jones 2025,journal.pone.0321461.pdf,Jones G. Race/ethnicity moderates the associations between lifetime psilocybin use and opioid use disorder. PLoS One. 2025.,2025,born-digital,Y
Kang 2022,2054-article-p5.pdf,"Kang M, et al. Can psychedelic-assisted psychotherapy play a role in enhancing motivation to change in addiction treatment settings? Journal of Psychedelic Studies. 2022.",2022,born-digital,Y
Kolp 2006,Ketamine_Enhanced_Psychotherapy_Prelimin.pdf,"Kolp E, Friedman HL, Young MS, Krupitsky E. Ketamine Enhanced Psychotherapy: Preliminary Clinical Observations on Its Effectiveness in Treating Alcoholism. The Humanistic Psychologist. 2006.",2006,born-digital,Y
Langner 1965,6 YEARS OF LSD THERAPY.pdf,"Langner FW. Six Years' Experience with LSD Therapy. Book chapter, likely ""The Use of LSD in Psychotherapy and Alcoholism"" (ed. Abramson). 1965.",1965,OCR,Y
Lawn 2017,s41598-017-14700-6.pdf,"Lawn W, et al. Well-being, problematic alcohol consumption and acute subjective drug effects in past-year ayahuasca users: a large, international, self-selecting online survey. Scientific Reports. 2017.",2017,born-digital,Y
Malcolm 2018,02791072.2018.1447175.pdf,"Malcolm BJ, et al. Changes in Withdrawal and Craving Scores in Participants Undergoing Opioid Detoxification Utilizing Ibogaine. Journal of Psychoactive Drugs. 2018.",2018,born-digital,Y
Mendes 2022,1-s2.0-S2772392522000207-main.pdf,"Mendes FR, et al. Classic and non-classic psychedelics for substance use disorder: A review of their historic, past and current research. Addiction Neuroscience. 2022.",2022,born-digital,Y
Noller 2018,Ibogaine treatment outcomes for opioid dependence from a twelve-month follow-up observational study.pdf,"Noller GE, Frampton CM, Yazar-Klosinski B. Ibogaine treatment outcomes for opioid dependence from a twelve-month follow-up observational study. The American Journal of Drug and Alcohol Abuse. 2018.",2018,born-digital,Y
Noorani 2018,2018Nooranietalpsilo4smokingqualanalysis.pdf,"Noorani T, et al. Psychedelic therapy for smoking cessation: Qualitative analysis of participant accounts. Journal of Psychopharmacology. 2018.",2018,born-digital,Y
O'Shaughnessy 2021,o-shaughnessy-et-al-2021-within-treatment-changes-in-a-novel-addiction-treatment-program-using-traditional-amazonian.pdf,"O'Shaughnessy DM, Berlowitz I, Rodd R, Sarnyai Z, Quirk F. Within-treatment changes in a novel addiction treatment program using traditional Amazonian medicine. Therapeutic Advances in Psychopharmacology. 2021.",2021,born-digital,Y
Perkins 2022,dar.13348.pdf,"Perkins D, et al. Associations between ayahuasca consumption in naturalistic settings and current alcohol and drug use: results of a large international cross-sectional survey. Drug and Alcohol Review. 2022.",2022,born-digital,Y
Phelps 2017,0022167817711304.pdf,Phelps J. Developing Guidelines and Competencies for the Training of Psychedelic Therapists. Journal of Humanistic Psychology. 2017.,2017,born-digital,Y
Pisano 2017,"16(f).+Pisano,+V.D.,+et+al+-+The+Association+of+Psychedelic+Use+and+Opioid+Use+Sisorders+in+the+United+States+(2017).pdf","Pisano VD, et al. The association of psychedelic use and opioid use disorders among illicit users in the United States. Journal of Psychopharmacology. 2017.",2017,born-digital,Y
Rodrigues 2021,s00406-021-01267-7.pdf,"Rodrigues LS, et al. Effects of ayahuasca and its alkaloids on substance use disorders: an updated (2016-2020) systematic review of preclinical and human studies. European Archives of Psychiatry and Clinical Neuroscience. 2021.",2021,born-digital,Y
Rydzynski 1978,Treatment of alcoholism with psychotomimetic drugs.pdf,"Rydzynski Z, Gruszczynski W. Treatment of alcoholism with psychotomimetic drugs. A follow-up study. Activitas Nervosa Superior. 1978.",1978,born-digital,Y
Sarett 1966,Reports of Wives of Alcoholics of Effects of LSD-25 Treatment of Their Husbands.pdf,"Sarett M, Cheek F, Osmond H. Reports of Wives of Alcoholics of Effects of LSD-25 Treatment of Their Husbands. Archives of General Psychiatry. 1966.",1966,born-digital,Y
Schenberg 2014,0269881114552713.pdf,"Schenberg EE, et al. Treating drug dependence with the aid of ibogaine: A retrospective study. Journal of Psychopharmacology. 2014.",2014,born-digital,Y
Thomas 2013,0004CDAR.pdf,"Thomas G, et al. Ayahuasca-Assisted Therapy for Addiction: Results from a Preliminary Observational Study in Canada. Current Drug Abuse Reviews. 2013.",2013,born-digital,Y
Wong 2014,1060028014555859.pdf,"Wong A, et al. Evaluation of Adjunctive Ketamine to Benzodiazepines for Management of Alcohol Withdrawal Syndrome. Annals of Pharmacotherapy. 2014.",2014,born-digital,Y
dos Santos 2016,10.1177_2045125316638008.pdf,"dos Santos RG, et al. Antidepressive, anxiolytic, and antiaddictive effects of ayahuasca, psilocybin and lysergic acid diethylamide (LSD): a systematic review of clinical trials published in the last 25 years. Therapeutic Advances in Psychopharmacology. 2016.",2016,born-digital,Y
